{
    "train": {
        "box_loss": 1.01754,
        "cls_loss": 0.78686,
        "dfl_loss": 1.17532
    },
    "metrics": {
        "precision(B)": 0.6072991538934261,
        "recall(B)": 0.46773978649867565,
        "mAP50(B)": 0.4945707369077814,
        "mAP50-95(B)": 0.31825632291856065
    },
    "val": {
        "box_loss": 1.09242,
        "cls_loss": 4.70156,
        "dfl_loss": 1.17076
    },
    "lr": {
        "pg0": 3.718750000000003e-05,
        "pg1": 3.718750000000003e-05,
        "pg2": 3.718750000000003e-05
    },
    "model": {
        "parameters": 2592180,
        "GFLOPs": 6.452,
        "speed_PyTorch(ms)": 2.934
    },
    "step": 19
}
