{"mAP":0.31825632291856065,"_timestamp":1.7379266375763874e+09,"_runtime":16624.746260877,"_step":1,"_wandb":{"runtime":16624}}