step	pg0
0	0.00020829542007885958
1	0.00039600563011828936
2	0.0005630908401577193
3	0.0005321875
4	0.0005012500000000001
5	0.0004703125
6	0.000439375
7	0.0004084375
8	0.0003775
9	0.00034656250000000003
10	0.000315625
11	0.0002846875
12	0.00025375
13	0.0002228125
14	0.00019187500000000004
15	0.0001609375
16	0.00013
17	9.906250000000002e-05
18	6.812499999999999e-05
19	3.718750000000003e-05
