{"_timestamp":1.7379082732169712e+09,"_runtime":2120.160911812,"_step":3,"_wandb":{"runtime":2120},"mAP":0.3197679890590741}